{"accuracy": 0.7376877445412091, "precision": 0.6266105706021562, "recall": 0.10958337165455716, "f1": 0.1865435046381463}